<?xml version="1.0" encoding="UTF-8" standalone="yes"?>
<configuration xmlns="http://www.jooq.org/xsd/jooq-codegen-3.12.0.xsd">
    <!-- Configure the database connection here -->
    <jdbc>
        <driver>com.mysql.cj.jdbc.Driver</driver>
        <url>jdbc:mysql://localhost:3306/library</url>
        <user>root</user>
        <password></password>
    </jdbc>

    <generator>
        <database>
            <name>org.jooq.meta.extensions.jpa.JPADatabase</name>
            <properties>
                <!-- A comma separated list of Java packages, that contain your entities -->
                <property>
                    <key>packages</key>
                    <value>entities</value>
                </property>

                <!-- Whether JPA 2.1 AttributeConverters should be auto-mapped to jOOQ Converters.
                     Custom <forcedType/> configurations will have a higher priority than these auto-mapped converters.
                     This defaults to true. -->
                <property>
                    <key>useAttributeConverters</key>
                    <value>true</value>
                </property>

                <!-- The default schema for unqualified objects:

                     - public: all unqualified objects are located in the PUBLIC (upper case) schema
                     - none: all unqualified objects are located in the default schema (default)

                     This configuration can be overridden with the schema mapping feature -->
                <property>
                    <key>unqualifiedSchema</key>
                    <value>none</value>
                </property>
            </properties>
        </database>
    </generator>
</configuration>